Model,GMM,GMMCapitals,GMMBridges
Deterministic,8.451144933700562,11.68621277809143,1536.6731581687927
Stochastic,47.6876962184906,80.6018602848053,3101.1318259239197
